<?xml version="1.0" encoding="UTF-8"?>
<project-private xmlns="http://www.netbeans.org/ns/project-private/1">
    <editor-bookmarks xmlns="http://www.netbeans.org/ns/editor-bookmarks/2" lastBookmarkId="0"/>
    <open-files xmlns="http://www.netbeans.org/ns/projectui-open-files/2">
        <group>
            <file>file:/C:/Users/Asus/OneDrive/Documents/NetBeansProjects/QuizProject/src/quizproject/AdminLogin.java</file>
            <file>file:/C:/Users/Asus/OneDrive/Documents/NetBeansProjects/QuizProject/src/quizproject/Update.java</file>
            <file>file:/C:/Users/Asus/OneDrive/Documents/NetBeansProjects/QuizProject/src/quizproject/AdminSignUp.java</file>
            <file>file:/C:/Users/Asus/OneDrive/Documents/NetBeansProjects/QuizProject/src/quizproject/AdminLoginUI.java</file>
            <file>file:/C:/Users/Asus/OneDrive/Documents/NetBeansProjects/QuizProject/src/Start.java</file>
            <file>file:/C:/Users/Asus/OneDrive/Documents/NetBeansProjects/QuizProject/src/quizproject/Login.java</file>
            <file>file:/C:/Users/Asus/OneDrive/Documents/NetBeansProjects/QuizProject/src/quizproject/UpdateQuestionPage.java</file>
            <file>file:/C:/Users/Asus/OneDrive/Documents/NetBeansProjects/QuizProject/src/quizproject/Quiz.java</file>
            <file>file:/C:/Users/Asus/OneDrive/Documents/NetBeansProjects/QuizProject/src/quizproject/Next.java</file>
            <file>file:/C:/Users/Asus/OneDrive/Documents/NetBeansProjects/QuizProject/src/quizproject/Rules.java</file>
            <file>file:/C:/Users/Asus/OneDrive/Documents/NetBeansProjects/QuizProject/src/quizproject/Text.java</file>
            <file>file:/C:/Users/Asus/OneDrive/Documents/NetBeansProjects/QuizProject/src/quizproject/UP.java</file>
            <file>file:/C:/Users/Asus/OneDrive/Documents/NetBeansProjects/QuizProject/src/quizproject/Thanku.java</file>
            <file>file:/C:/Users/Asus/OneDrive/Documents/NetBeansProjects/QuizProject/src/quizproject/SignUp.java</file>
            <file>file:/C:/Users/Asus/OneDrive/Documents/NetBeansProjects/QuizProject/src/quizproject/History.java</file>
            <file>file:/C:/Users/Asus/OneDrive/Documents/NetBeansProjects/QuizProject/src/quizproject/Delete.java</file>
            <file>file:/C:/Users/Asus/OneDrive/Documents/NetBeansProjects/QuizProject/src/quizproject/UserList.java</file>
            <file>file:/C:/Users/Asus/OneDrive/Documents/NetBeansProjects/QuizProject/src/quizproject/Admin.java</file>
            <file>file:/C:/Users/Asus/OneDrive/Documents/NetBeansProjects/QuizProject/src/quizproject/List.java</file>
            <file>file:/C:/Users/Asus/OneDrive/Documents/NetBeansProjects/QuizProject/src/quizproject/Quiz1.java</file>
            <file>file:/C:/Users/Asus/OneDrive/Documents/NetBeansProjects/QuizProject/src/quizproject/Score.java</file>
        </group>
    </open-files>
</project-private>
